dua_id,category,title,arabic_text,transliteration,english_meaning,urdu_meaning,source,reference,authenticity,occasion,data_source,verification_status
DUA-0001,Morning Adhkar,Waking Up,الْحَمْدُ لِلَّهِ الَّذِي أَحْيَانَا بَعْدَ مَا أَمَاتَنَا وَإِلَيْهِ النُّشُورُ,Alhamdu lillahil-ladhi ahyana ba'da ma amatana wa ilayhin-nushur,All praise is for Allah who gave us life after having taken it from us and unto Him is the resurrection.,تمام تعریف اللہ کے لیے جس نے ہمیں موت کے بعد زندگی دی اور اسی کی طرف اٹھنا ہے۔,Sahih Bukhari,6312,Sahih,Upon waking up,Manual (Hisnul Muslim + Quran),"✅ VERIFIED | Narrated Hudhaifa:When the Prophet (ﷺ) went to bed, he would say: ""Bismika amutu..."
DUA-0002,Morning Adhkar,Morning Protection,أَصْبَحْنَا وَأَصْبَحَ الْمُلْكُ لِلَّهِ، وَالْحَمْدُ لِلَّهِ,"Asbahna wa asbahal-mulku lillah, walhamdu lillah","We have entered a new morning and with it all dominion belongs to Allah, and all praise is for Allah.",ہم نے صبح کی اور اللہ کی بادشاہت نے صبح کی، تمام تعریف اللہ کے لیے ہے۔,Sahih Muslim,2723,Sahih,Morning,Manual (Hisnul Muslim + Quran),✅ VERIFIED | A'isha (Allah be pleased with her) reported:The Messenger of Allah (ﷺ) did not o...
DUA-0003,Morning Adhkar,Sayyid ul Istighfar,اللَّهُمَّ أَنْتَ رَبِّي لَا إِلَهَ إِلَّا أَنْتَ، خَلَقْتَنِي وَأَنَا عَبْدُكَ,"Allahumma anta Rabbi la ilaha illa ant, khalaqtani wa ana abduk","O Allah, You are my Lord, none has the right to be worshipped except You, You created me and I am Your servant.",اے اللہ تو میرا رب ہے، تیرے سوا کوئی معبود نہیں، تو نے مجھے پیدا کیا اور میں تیرا بندہ ہوں۔,Sahih Bukhari,6306,Sahih,Morning,Manual (Hisnul Muslim + Quran),"✅ VERIFIED | Narrated Shaddad bin Aus:The Prophet (ﷺ) said ""The most superior way of asking f..."
DUA-0004,Evening Adhkar,Evening Remembrance,أَمْسَيْنَا وَأَمْسَى الْمُلْكُ لِلَّهِ، وَالْحَمْدُ لِلَّهِ,"Amsayna wa amsal-mulku lillah, walhamdu lillah","We have entered the evening and with it all dominion belongs to Allah, and all praise is for Allah.",ہم نے شام کی اور اللہ کی بادشاہت نے شام کی، تمام تعریف اللہ کے لیے ہے۔,Sahih Muslim,2723,Sahih,Evening,Manual (Hisnul Muslim + Quran),✅ VERIFIED | A'isha (Allah be pleased with her) reported:The Messenger of Allah (ﷺ) did not o...
DUA-0005,Evening Adhkar,Evening Protection,اللَّهُمَّ بِكَ أَمْسَيْنَا، وَبِكَ أَصْبَحْنَا، وَبِكَ نَحْيَا، وَبِكَ نَمُوتُ وَإِلَيْكَ الْمَصِيرُ,"Allahumma bika amsayna, wa bika asbahna, wa bika nahya, wa bika namutu wa ilaykal masir","O Allah, by You we enter the evening and by You we enter the morning, by You we live and by You we die, and to You is the final return.",اے اللہ تیرے ساتھ ہم نے شام کی اور تیرے ساتھ صبح کی، تیرے ساتھ جیتے ہیں اور تیرے ساتھ مرتے ہیں اور تیری طرف لوٹنا ہے۔,Sunan Abu Dawud,5068,Sahih,Evening,Manual (Hisnul Muslim + Quran),"✅ VERIFIED | Narrated AbuHurayrah: The Prophet (ﷺ) used to say in the morning: ""O Allah, by T..."
DUA-0006,Sleep,Before Sleeping,بِاسْمِكَ اللَّهُمَّ أَمُوتُ وَأَحْيَا,Bismika Allahumma amutu wa ahya,"In Your name O Allah, I die and I live.",اے اللہ تیرے نام پر مرتا اور جیتا ہوں۔,Sahih Bukhari,6324,Sahih,Before sleeping,Manual (Hisnul Muslim + Quran),"✅ VERIFIED | Narrated Hudhaifa:Whenever the Prophet (ﷺ) intended to go to bed, he would recit..."
DUA-0007,Sleep,Ayat ul Kursi Before Sleep,اللَّهُ لَا إِلَٰهَ إِلَّا هُوَ الْحَيُّ الْقَيُّومُ,Allahu la ilaha illa huwal hayyul qayyum,"Allah — there is no deity except Him, the Ever-Living, the Sustainer of existence.",اللہ، اس کے سوا کوئی معبود نہیں، وہ ہمیشہ زندہ اور قائم رہنے والا ہے۔,Sahih Bukhari,2311,Sahih,Before sleeping,Manual (Hisnul Muslim + Quran),✅ VERIFIED | Narrated Abu Huraira: Allah's Messenger (ﷺ) deputed me to keep Sadaqat (al-Fitr)...
DUA-0008,Sleep,Sleeping on Right Side,اللَّهُمَّ قِنِي عَذَابَكَ يَوْمَ تَبْعَثُ عِبَادَكَ,Allahumma qini adhabaka yawma tab'athu ibadak,"O Allah, protect me from Your punishment on the day You resurrect Your servants.",اے اللہ مجھے اپنے عذاب سے بچا جس دن تو اپنے بندوں کو اٹھائے گا۔,Sunan Abu Dawud,5045,Sahih,Before sleeping,Manual (Hisnul Muslim + Quran),"✅ VERIFIED | Narrated Hafsah, Ummul Mu'minin: When the Messenger of Allah (ﷺ) wanted to go to..."
DUA-0009,Food & Drink,Before Eating,بِسْمِ اللَّهِ,Bismillah,In the name of Allah.,اللہ کے نام سے۔,Sahih Bukhari,5376,Sahih,Before eating,Manual (Hisnul Muslim + Quran),✅ VERIFIED | Narrated `Umar bin Abi Salama:I was a boy under the care of Allah's Messenger (ﷺ...
DUA-0010,Food & Drink,After Eating,الْحَمْدُ لِلَّهِ الَّذِي أَطْعَمَنِي هَذَا وَرَزَقَنِيهِ مِنْ غَيْرِ حَوْلٍ مِنِّي وَلَا قُوَّةٍ,Alhamdu lillahil-ladhi at'amani hadha wa razaqanihi min ghayri hawlin minni wa la quwwah,All praise is for Allah who fed me this and provided it for me without any might or power from myself.,تمام تعریف اللہ کے لیے جس نے مجھے یہ کھلایا اور مجھے رزق دیا بغیر کسی طاقت اور قوت کے میری طرف سے۔,Sunan Abu Dawud,4023,Sahih,After eating,Manual (Hisnul Muslim + Quran),✅ VERIFIED | Narrated Mu'adh ibn Anas: The Prophet (ﷺ) said: If anyone eats food and then say...
DUA-0011,Food & Drink,Forgot Bismillah,بِسْمِ اللَّهِ أَوَّلَهُ وَآخِرَهُ,Bismillahi awwalahu wa akhirah,In the name of Allah at its beginning and at its end.,اللہ کے نام سے اس کے شروع میں اور آخر میں۔,Sunan Abu Dawud,3767,Sahih,If you forgot to say Bismillah before eating,Manual (Hisnul Muslim + Quran),"✅ VERIFIED | Narrated Aisha, Ummul Mu'minin: The Messenger of Allah (ﷺ) said: When one of you..."
DUA-0012,Food & Drink,After Drinking Milk,اللَّهُمَّ بَارِكْ لَنَا فِيهِ وَزِدْنَا مِنْهُ,Allahumma barik lana fihi wa zidna minh,"O Allah, bless it for us and give us more of it.",اے اللہ ہمارے لیے اس میں برکت دے اور ہمیں اس میں سے زیادہ دے۔,Sunan Abu Dawud,3730,Hasan,After drinking milk,Manual (Hisnul Muslim + Quran),✅ VERIFIED | Narrated Abdullah ibn Abbas: I was in the house of Maymunah. The Messenger of Al...
DUA-0013,Salah,Going to Mosque,اللَّهُمَّ اجْعَلْ فِي قَلْبِي نُوراً، وَفِي لِسَانِي نُوراً,"Allahumma-j'al fi qalbi nuran, wa fi lisani nuran","O Allah, place light in my heart, and on my tongue light.",اے اللہ میرے دل میں نور رکھ اور میری زبان میں نور رکھ۔,Sahih Bukhari,6316,Sahih,Going to mosque,Manual (Hisnul Muslim + Quran),✅ VERIFIED | Narrated Ibn `Abbas:One night I slept at the house of Maimuna. The Prophet (ﷺ) w...
DUA-0014,Salah,Entering Mosque,اللَّهُمَّ افْتَحْ لِي أَبْوَابَ رَحْمَتِكَ,Allahummaf-tah li abwaba rahmatik,"O Allah, open the gates of Your mercy for me.",اے اللہ میرے لیے اپنی رحمت کے دروازے کھول دے۔,Sahih Muslim,713,Sahih,Entering mosque,Manual (Hisnul Muslim + Quran),✅ VERIFIED | This hadith with the same sense (as narrated above) bus been transmitted from Hi...
DUA-0015,Salah,Leaving Mosque,اللَّهُمَّ إِنِّي أَسْأَلُكَ مِنْ فَضْلِكَ,Allahumma inni as'aluka min fadlik,"O Allah, I ask You from Your favor.",اے اللہ میں تجھ سے تیرا فضل مانگتا ہوں۔,Sahih Muslim,713,Sahih,Leaving mosque,Manual (Hisnul Muslim + Quran),✅ VERIFIED | This hadith with the same sense (as narrated above) bus been transmitted from Hi...
DUA-0016,Salah,After Adhan,اللَّهُمَّ رَبَّ هَذِهِ الدَّعْوَةِ التَّامَّةِ وَالصَّلَاةِ الْقَائِمَةِ آتِ مُحَمَّداً الْوَسِيلَةَ وَالْفَضِيلَةَ,"Allahumma Rabba hadhihid-da'watit-tammah, was-salatil-qa'imah, ati Muhammadanil wasilata wal-fadilah","O Allah, Lord of this perfect call and established prayer, grant Muhammad the intercession and honor.",اے اللہ اس کامل دعوت اور قائم ہونے والی نماز کے رب، محمدﷺ کو وسیلہ اور فضیلت عطا فرما۔,Sahih Bukhari,614,Sahih,After Adhan,Manual (Hisnul Muslim + Quran),"✅ VERIFIED | Narrated Jabir bin `Abdullah:Allah's Messenger (ﷺ) said, ""Whoever after listenin..."
DUA-0017,Travel,Riding a Vehicle,سُبْحَانَ الَّذِي سَخَّرَ لَنَا هَذَا وَمَا كُنَّا لَهُ مُقْرِنِينَ وَإِنَّا إِلَى رَبِّنَا لَمُنْقَلِبُونَ,"Subhanal-ladhi sakhkhara lana hadha wa ma kunna lahu muqrinin, wa inna ila rabbina lamunqalibun","Glory be to Him Who has subjected this to us, and we could not have it by our efforts. And to our Lord we shall certainly return.",پاک ہے وہ جس نے اسے ہمارے لیے مسخر کیا اور ہم اسے قابو میں نہیں کر سکتے تھے اور ہم یقینا اپنے رب کی طرف لوٹنے والے ہیں۔,Sunan Abu Dawud,2602,Sahih,When riding a vehicle,Manual (Hisnul Muslim + Quran),✅ VERIFIED | Narrated Ali ibn AbuTalib: Ali ibn Rabi'ah said: I was present with Ali while a ...
DUA-0018,Travel,Entering a Town,اللَّهُمَّ بَارِكْ لَنَا فِيهَا,Allahumma barik lana fiha,"O Allah, bless us in it.",اے اللہ ہمارے لیے اس میں برکت دے۔,Sunan Abu Dawud,2600,Sahih,Entering a new town,Manual (Hisnul Muslim + Quran),"✅ VERIFIED | Qaza’ah said Ibn ‘Umar told me “Come, I see off you as the Apostle of Allaah(ﷺ) ..."
DUA-0019,Travel,Returning from Travel,آيِبُونَ تَائِبُونَ عَابِدُونَ لِرَبِّنَا حَامِدُونَ,"Ayibuna, ta'ibuna, 'abiduna, lirabbina hamidun","We return, repent, worship and praise our Lord.",ہم لوٹنے والے، توبہ کرنے والے، عبادت کرنے والے اور اپنے رب کی تعریف کرنے والے ہیں۔,Sahih Bukhari,3085,Sahih,Returning from travel,Manual (Hisnul Muslim + Quran),✅ VERIFIED | Narrated Anas bin Malik:We were in the company of the Prophet (ﷺ) while returnin...
DUA-0020,Protection,Protection from Evil Eye,أَعُوذُ بِكَلِمَاتِ اللَّهِ التَّامَّاتِ مِنْ شَرِّ مَا خَلَقَ,A'udhu bikalimatillahit-tammati min sharri ma khalaq,I seek refuge in the perfect words of Allah from the evil of what He has created.,میں اللہ کے کامل کلمات کے ذریعے اس کی مخلوق کے شر سے پناہ مانگتا ہوں۔,Sahih Muslim,2708,Sahih,Protection from evil,Manual (Hisnul Muslim + Quran),✅ VERIFIED | Abu Huraira and Abu Sa'id (Allah be pleased with both of them) reported Allah's ...
DUA-0021,Protection,Against Shaitan,أَعُوذُ بِاللَّهِ مِنَ الشَّيْطَانِ الرَّجِيمِ,A'udhu billahi minash-shaytanir-rajim,I seek refuge with Allah from the accursed devil.,میں شیطان مردود سے اللہ کی پناہ مانگتا ہوں۔,Sahih Bukhari,3282,Sahih,When feeling anger or whispers of Shaitan,Manual (Hisnul Muslim + Quran),"✅ VERIFIED | Narrated Sulaiman bin Surad:While I was sitting in the company of the Prophet, t..."
DUA-0022,Protection,Morning Protection (3x),بِسْمِ اللَّهِ الَّذِي لَا يَضُرُّ مَعَ اسْمِهِ شَيْءٌ فِي الْأَرْضِ وَلَا فِي السَّمَاءِ وَهُوَ السَّمِيعُ الْعَلِيمُ,Bismillahil-ladhi la yadurru ma'asmihi shay'un fil-ardi wa la fis-sama'i wa huwas-sami'ul 'alim,"In the name of Allah with Whose name nothing can harm, in the earth or in the heavens, and He is the All-Hearing, All-Knowing.",اللہ کے نام سے جس کے نام کے ساتھ زمین اور آسمان میں کوئی چیز نقصان نہیں دیتی اور وہ سننے والا جاننے والا ہے۔,Sunan Abu Dawud,5088,Sahih,Morning and evening (3 times),Manual (Hisnul Muslim + Quran),✅ VERIFIED | Narrated Uthman ibn Affan: Aban ibn Uthman said: I heard Uthman ibn Affan (his f...
DUA-0023,Forgiveness,Istighfar,أَسْتَغْفِرُ اللَّهَ,Astaghfirullah,I seek the forgiveness of Allah.,میں اللہ سے مغفرت مانگتا ہوں۔,Sahih Bukhari,6307,Sahih,Seeking forgiveness anytime,Manual (Hisnul Muslim + Quran),"✅ VERIFIED | Narrated Abu Huraira:I heard Allah's Messenger (ﷺ) saying."" By Allah! I ask for ..."
DUA-0024,Forgiveness,Complete Istighfar,أَسْتَغْفِرُ اللَّهَ الْعَظِيمَ الَّذِي لَا إِلَهَ إِلَّا هُوَ الْحَيُّ الْقَيُّومُ وَأَتُوبُ إِلَيْهِ,Astaghfirullahil-'Azim alladhi la ilaha illa huwal Hayyul Qayyumu wa atubu ilyh,"I seek forgiveness from Allah, the Magnificent, besides Whom there is none worthy of worship, the Ever-Living, the Sustainer, and I repent to Him.",میں عظیم اللہ سے مغفرت مانگتا ہوں جس کے سوا کوئی معبود نہیں، ہمیشہ زندہ اور قائم رہنے والا ہے اور میں اس کی طرف توبہ کرتا ہوں۔,Sunan Abu Dawud,1517,Hasan,Seeking complete forgiveness,Manual (Hisnul Muslim + Quran),"✅ VERIFIED | Narrated Zayd, the client of the Prophet: The Prophet (ﷺ) said: If anyone says: ..."
DUA-0025,Hardship & Anxiety,Dua for Anxiety,اللَّهُمَّ إِنِّي أَعُوذُ بِكَ مِنَ الْهَمِّ وَالْحَزَنِ، وَالْعَجْزِ وَالْكَسَلِ، وَالْبُخْلِ وَالْجُبْنِ، وَضَلَعِ الدَّيْنِ وَغَلَبَةِ الرِّجَالِ,"Allahumma inni a'udhu bika minal-hammi wal-hazan, wal-'ajzi wal-kasal, wal-bukhli wal-jubn, wa dhala'id-dayni wa ghalabatir-rijal","O Allah, I seek refuge in You from grief and sadness, from weakness and from laziness, from miserliness and from cowardice, from being overcome by debt and overpowered by men.",اے اللہ میں تجھ سے غم اور اداسی سے، کمزوری اور سستی سے، بخل اور بزدلی سے اور قرض کے بوجھ اور لوگوں کے غلبے سے پناہ مانگتا ہوں۔,Sahih Bukhari,2893,Sahih,When feeling anxious or sad,Manual (Hisnul Muslim + Quran),"✅ VERIFIED | Narrated Anas bin Malik:The Prophet (ﷺ) said to Abu Talha, ""Choose one of your b..."
DUA-0026,Hardship & Anxiety,Dua of Prophet Yunus,لَا إِلَهَ إِلَّا أَنْتَ سُبْحَانَكَ إِنِّي كُنْتُ مِنَ الظَّالِمِينَ,La ilaha illa anta subhanaka inni kuntu minaz-zalimin,"There is no deity except You; exalted are You. Indeed, I have been of the wrongdoers.",تیرے سوا کوئی معبود نہیں، تو پاک ہے، بیشک میں ظالموں میں سے تھا۔,Quran 21:87,Al-Anbiya:87,Sahih,In times of extreme difficulty,Manual (Hisnul Muslim + Quran),📖 Quran — Verified
DUA-0027,Hardship & Anxiety,Hasbunallah,حَسْبُنَا اللَّهُ وَنِعْمَ الْوَكِيلُ,Hasbunallahu wa ni'mal wakil,Allah is sufficient for us and He is the best disposer of affairs.,اللہ ہمارے لیے کافی ہے اور وہ بہترین کارساز ہے۔,Quran 3:173,Al-Imran:173,Sahih,When facing hardship or fear,Manual (Hisnul Muslim + Quran),📖 Quran — Verified
DUA-0028,Family & Parents,Dua for Parents,رَّبِّ ارْحَمْهُمَا كَمَا رَبَّيَانِي صَغِيرًا,Rabbir-hamhuma kama rabbayani saghira,"My Lord, have mercy upon them as they brought me up when I was small.",اے میرے رب ان دونوں پر رحم فرما جیسا انہوں نے مجھے بچپن میں پالا۔,Quran 17:24,Al-Isra:24,Sahih,Dua for parents,Manual (Hisnul Muslim + Quran),📖 Quran — Verified
DUA-0029,Family & Parents,Dua for Righteous Children,رَبِّ هَبْ لِي مِنَ الصَّالِحِينَ,Rabbi hab li minas-salihin,"My Lord, grant me from among the righteous.",اے میرے رب مجھے نیک اولاد عطا فرما۔,Quran 37:100,As-Saffat:100,Sahih,Seeking righteous children,Manual (Hisnul Muslim + Quran),📖 Quran — Verified
DUA-0030,Family & Parents,Dua for Family,رَبَّنَا هَبْ لَنَا مِنْ أَزْوَاجِنَا وَذُرِّيَّاتِنَا قُرَّةَ أَعْيُنٍ وَاجْعَلْنَا لِلْمُتَّقِينَ إِمَامًا,Rabbana hab lana min azwajina wa dhurriyyatina qurrata a'yunin waj'alna lil-muttaqina imama,"Our Lord, grant us from among our wives and offspring comfort to our eyes and make us a leader for the righteous.",اے ہمارے رب ہمیں ہماری بیویوں اور اولاد سے آنکھوں کی ٹھنڈک عطا فرما اور ہمیں متقیوں کا امام بنا دے۔,Quran 25:74,Al-Furqan:74,Sahih,For family wellbeing,Manual (Hisnul Muslim + Quran),📖 Quran — Verified
DUA-0031,Rain & Weather,Dua for Rain,اللَّهُمَّ اسْقِنَا غَيْثاً مُغِيثاً مَرِيئاً مَرِيعاً نَافِعاً غَيْرَ ضَارٍّ عَاجِلاً غَيْرَ آجِلٍ,Allahummas-qina ghaythan mughithan mari'an mari'an nafi'an ghayra darrin 'ajilan ghayra ajil,"O Allah, shower upon us abundant rain, beneficial not harmful, swiftly and not delayed.",اے اللہ ہمیں فائدہ مند بارش عطا فرما نقصاندہ نہیں، جلدی نہ کہ دیر سے۔,Sunan Abu Dawud,1169,Sahih,Asking for rain,Manual (Hisnul Muslim + Quran),✅ VERIFIED | Narrated Jabir ibn Abdullah: The people came to the Prophet (ﷺ) weeping (due to ...
DUA-0032,Rain & Weather,When it Rains,اللَّهُمَّ صَيِّباً نَافِعاً,Allahumma sayyiban nafi'a,"O Allah, may it be a beneficial rain.",اے اللہ اسے نفع بخش بارش بنا دے۔,Sahih Bukhari,1032,Sahih,When it rains,Manual (Hisnul Muslim + Quran),"✅ VERIFIED | Narrated Aisha:Whenever Allah's Messenger (ﷺ) saw the rain, he used to say, ""O A..."
DUA-0033,Rain & Weather,When Hearing Thunder,سُبْحَانَ الَّذِي يُسَبِّحُ الرَّعْدُ بِحَمْدِهِ,Subhanal-ladhi yusabbihur-ra'du bihamdih,Glory be to Him Whom the thunder glorifies with His praise.,پاک ہے وہ جس کی تسبیح بجلی کی گرج کرتی ہے۔,Muwatta Malik,2:992,Hasan,When hearing thunder,Manual (Hisnul Muslim + Quran),📖 Quran — Verified
DUA-0034,Health & Illness,Dua for Healing,اللَّهُمَّ رَبَّ النَّاسِ، أَذْهِبِ الْبَأْسَ، اشْفِهِ وَأَنْتَ الشَّافِي، لَا شِفَاءَ إِلَّا شِفَاؤُكَ، شِفَاءً لَا يُغَادِرُ سَقَماً,"Allahumma Rabban-nas, adh-hibil-ba's, washfihi wa Antash-Shafi, la shifa'a illa shifa'uk, shifa'an la yughadiru saqama","O Allah, Lord of mankind, remove the harm and heal him, for You are the Healer. There is no healing except Your healing, a healing that leaves no illness.",اے اللہ لوگوں کے رب تکلیف کو دور کر دے اور اسے شفا دے اور تو ہی شفا دینے والا ہے، تیری شفا کے سوا کوئی شفا نہیں، ایسی شفا جو کوئی بیماری نہ چھوڑے۔,Sahih Bukhari,5742,Sahih,When visiting the sick or seeking healing,Manual (Hisnul Muslim + Quran),"✅ VERIFIED | Narrated `Abdul `Aziz:Thabit and I went to Anas bin Malik. Thabit said, ""O Abu H..."
DUA-0035,Health & Illness,Ruqyah on Oneself,بِسْمِ اللَّهِ أَرْقِيكَ، مِنْ كُلِّ شَيْءٍ يُؤْذِيكَ، مِنْ شَرِّ كُلِّ نَفْسٍ أَوْ عَيْنٍ حَاسِدٍ، اللَّهُ يَشْفِيكَ,"Bismillahi arqik, min kulli shay'in yu'dhik, min sharri kulli nafsin aw 'aynin hasid, Allahu yashfik","In the name of Allah I perform ruqyah on you, from everything that harms you, from the evil of every soul or envious eye, may Allah cure you.",اللہ کے نام سے تجھ پر دم کرتا ہوں، ہر اس چیز سے جو تجھے تکلیف دے، ہر نفس کے شر سے یا حسد کرنے والی نظر سے، اللہ تجھے شفا دے۔,Sahih Muslim,2186,Sahih,Performing ruqyah on a sick person,Manual (Hisnul Muslim + Quran),✅ VERIFIED | Abu Huraira reported Allah's Apostle (ﷺ) as saying:Make haste at a funeral; if t...
DUA-0036,Home,Entering Home,اللَّهُمَّ إِنِّي أَسْأَلُكَ خَيْرَ الْمَوْلِجِ وَخَيْرَ الْمَخْرَجِ، بِسْمِ اللَّهِ وَلَجْنَا، وَبِسْمِ اللَّهِ خَرَجْنَا، وَعَلَى اللَّهِ رَبِّنَا تَوَكَّلْنَا,"Allahumma inni as'aluka khayral-mawliji wa khayral-makhraj, bismillahi walajna, wa bismillahi kharajna, wa 'alallahi rabbina tawakkalna","O Allah, I ask You for the blessing of entering and leaving. In the name of Allah we enter, in the name of Allah we leave, and upon Allah our Lord we rely.",اے اللہ میں تجھ سے داخل ہونے اور نکلنے کی بھلائی مانگتا ہوں، اللہ کے نام سے داخل ہوئے اور اللہ کے نام سے نکلے اور اللہ پر بھروسہ کیا۔,Sunan Abu Dawud,5096,Sahih,When entering home,Manual (Hisnul Muslim + Quran),✅ VERIFIED | Narrated AbuMalik Al-Ash'ari: The Prophet (ﷺ) said: When a man goes into his hou...
DUA-0037,Home,Leaving Home,بِسْمِ اللَّهِ، تَوَكَّلْتُ عَلَى اللَّهِ، وَلَا حَوْلَ وَلَا قُوَّةَ إِلَّا بِاللَّهِ,"Bismillah, tawakkaltu 'alallah, wa la hawla wa la quwwata illa billah","In the name of Allah, I place my trust in Allah, and there is no power or strength except with Allah.",اللہ کے نام سے، اللہ پر بھروسہ کیا، اور اللہ کے سوا کوئی طاقت اور قوت نہیں۔,Sunan Abu Dawud,5095,Sahih,When leaving home,Manual (Hisnul Muslim + Quran),✅ VERIFIED | Narrated Anas ibn Malik: The Prophet (ﷺ) said: When a man goes out of his house ...
DUA-0038,Toilet,Entering Toilet,اللَّهُمَّ إِنِّي أَعُوذُ بِكَ مِنَ الْخُبُثِ وَالْخَبَائِثِ,Allahumma inni a'udhu bika minal-khubuthi wal-khaba'ith,"O Allah, I seek refuge with You from male and female evil spirits.",اے اللہ میں نر اور مادہ شیاطین سے تیری پناہ مانگتا ہوں۔,Sahih Bukhari,142,Sahih,Before entering toilet,Manual (Hisnul Muslim + Quran),"✅ VERIFIED | Narrated Anas:Whenever the Prophet (ﷺ) went to answer the call of nature, he use..."
DUA-0039,Toilet,Leaving Toilet,غُفْرَانَكَ,Ghufranaka,I seek Your forgiveness.,میں تیری مغفرت مانگتا ہوں۔,Sunan Abu Dawud,30,Sahih,After leaving toilet,Manual (Hisnul Muslim + Quran),"✅ VERIFIED | Narrated Aisha, Ummul Mu'minin: When the Prophet (ﷺ) came out of the privy, he u..."
DUA-0040,Marketplace,Entering Market,لَا إِلَهَ إِلَّا اللَّهُ وَحْدَهُ لَا شَرِيكَ لَهُ، لَهُ الْمُلْكُ وَلَهُ الْحَمْدُ يُحْيِي وَيُمِيتُ وَهُوَ حَيٌّ لَا يَمُوتُ، بِيَدِهِ الْخَيْرُ وَهُوَ عَلَى كُلِّ شَيْءٍ قَدِيرٌ,"La ilaha illallahu wahdahu la sharika lah, lahul-mulku wa lahul-hamd, yuhyi wa yumitu wa huwa hayyun la yamut, biyadihil-khayr, wa huwa 'ala kulli shay'in qadir","None has the right to be worshipped but Allah alone, Who has no partner. His is the dominion and His is the praise; He brings life and He causes death; He is Ever-Living and does not die; in His Hand is all good, and He is over all things Omnipotent.",اللہ کے سوا کوئی معبود نہیں اکیلا ہے کوئی شریک نہیں، اسی کی بادشاہت ہے اور اسی کی تعریف ہے، وہ زندہ کرتا اور مارتا ہے اور وہ زندہ ہے کبھی نہیں مرے گا، اس کے ہاتھ میں ہر بھلائی ہے اور وہ ہر چیز پر قادر ہے۔,Sunan Ibn Majah,2235,Hasan,When entering a marketplace,Manual (Hisnul Muslim + Quran),"✅ VERIFIED | It was narrated from Salim bin 'Abdullah bin 'Umar, from his father, that his gr..."
DUA-0041,Knowledge & Study,Dua for Knowledge,رَّبِّ زِدْنِي عِلْمًا,Rabbi zidni 'ilma,"My Lord, increase me in knowledge.",اے میرے رب میرا علم بڑھا۔,Quran 20:114,Ta-Ha:114,Sahih,When seeking knowledge or studying,Manual (Hisnul Muslim + Quran),📖 Quran — Verified
DUA-0042,Knowledge & Study,Before Studying,اللَّهُمَّ انْفَعْنِي بِمَا عَلَّمْتَنِي وَعَلِّمْنِي مَا يَنْفَعُنِي وَزِدْنِي عِلْماً,Allahumman-fa'ni bima 'allamtani wa 'allimni ma yanfa'uni wa zidni 'ilma,"O Allah, benefit me with what You have taught me, teach me that which will benefit me, and increase me in knowledge.",اے اللہ مجھے اس سے نفع دے جو تو نے مجھے سکھایا اور مجھے وہ سکھا جو مجھے نفع دے اور میرا علم بڑھا۔,Sunan Ibn Majah,251,Sahih,Seeking beneficial knowledge,Manual (Hisnul Muslim + Quran),"✅ VERIFIED | It was narrated that Abu Hurairah said:""The Messenger of Allah used to say: 'All..."
DUA-0043,Gratitude,Alhamdulillah,الْحَمْدُ لِلَّهِ,Alhamdulillah,All praise and thanks are for Allah.,تمام تعریف اللہ کے لیے ہے۔,Quran 1:2,Al-Fatiha:2,Sahih,Expressing gratitude to Allah,Manual (Hisnul Muslim + Quran),📖 Quran — Verified
DUA-0044,Gratitude,Reply to Sneeze,يَرْحَمُكَ اللَّهُ,Yarhamukallah,May Allah have mercy upon you.,اللہ تم پر رحم فرمائے۔,Sahih Bukhari,6224,Sahih,Reply when someone sneezes,Manual (Hisnul Muslim + Quran),"✅ VERIFIED | Narrated Abu Huraira:The Prophet (ﷺ) said, "" If anyone of you sneezes, he should..."
DUA-0045,General,SubhanAllah,سُبْحَانَ اللَّهِ,SubhanAllah,Glory be to Allah.,اللہ پاک ہے۔,Sahih Bukhari,6406,Sahih,Expressing Allah's perfection,Manual (Hisnul Muslim + Quran),"✅ VERIFIED | Narrated Abu Huraira:The Prophet (ﷺ) said, ""There are two expressions which are ..."
DUA-0046,General,Allahu Akbar,اللَّهُ أَكْبَرُ,Allahu Akbar,Allah is the Greatest.,اللہ سب سے بڑا ہے۔,Sahih Bukhari,2992,Sahih,Expressing Allah's greatness,Manual (Hisnul Muslim + Quran),✅ VERIFIED | Narrated Abu Musa Al-Ash`ari:We were in the company of Allah's Messenger (ﷺ) (du...
DUA-0047,General,La ilaha illallah,لَا إِلَهَ إِلَّا اللَّهُ,La ilaha illallah,There is no deity worthy of worship except Allah.,اللہ کے سوا کوئی معبود نہیں۔,Sahih Bukhari,6403,Sahih,Remembrance of Allah,Manual (Hisnul Muslim + Quran),"✅ VERIFIED | Narrated Abu Huraira:Allah's Messenger (ﷺ) said,"" Whoever says: ""La ilaha illal-..."
DUA-0048,General,Inna Lillahi,إِنَّا لِلَّهِ وَإِنَّا إِلَيْهِ رَاجِعُونَ,Inna lillahi wa inna ilayhi raji'un,"Indeed, to Allah we belong and to Allah we shall return.",بیشک ہم اللہ کے لیے ہیں اور اسی کی طرف لوٹنے والے ہیں۔,Quran 2:156,Al-Baqarah:156,Sahih,Upon hearing bad news or a calamity,Manual (Hisnul Muslim + Quran),📖 Quran — Verified
DUA-0049,General,Mashallah,مَا شَاءَ اللَّهُ,Masha'Allah,What Allah has willed.,جو اللہ نے چاہا۔,Quran 18:39,Al-Kahf:39,Sahih,Expressing admiration,Manual (Hisnul Muslim + Quran),📖 Quran — Verified
DUA-0050,General,Inshallah,إِنْ شَاءَ اللَّهُ,In sha'Allah,If Allah wills.,اگر اللہ نے چاہا۔,Quran 18:24,Al-Kahf:24,Sahih,When intending to do something in the future,Manual (Hisnul Muslim + Quran),📖 Quran — Verified
DUA-0051,Morning Dhikr,Ayatul Kursi,,,,,,,Sahih,Ayatul Kursi,dua-dhikr-api,🔍 Manual check needed
DUA-0052,Wudu,After Wudu,أَشْهَدُ أَنْ لَا إِلَهَ إِلَّا اللَّهُ وَحْدَهُ لَا شَرِيكَ لَهُ، وَأَشْهَدُ أَنَّ مُحَمَّدًا عَبْدُهُ وَرَسُولُهُ,"Ash-hadu an la ilaha illallahu wahdahu la sharika lah, wa ash-hadu anna Muhammadan abduhu wa rasuluh","I bear witness that none has the right to be worshipped but Allah alone, Who has no partner; and I bear witness that Muhammad is His slave and His Messenger.",میں گواہی دیتا ہوں کہ اللہ کے سوا کوئی معبود نہیں، وہ اکیلا ہے، اس کا کوئی شریک نہیں اور میں گواہی دیتا ہوں کہ محمدﷺ اس کے بندے اور رسول ہیں۔,Sahih Muslim,234,Sahih,After completing wudu,Manual (Hisnul Muslim),✅ VERIFIED | It is reported on the authority of Ibn 'Abbas that there was (once) a downpour d...
DUA-0053,Fasting,Intention for Fasting,وَبِصَوْمِ غَدٍ نَوَيْتُ مِنْ شَهْرِ رَمَضَانَ,Wa bisawmi ghadin nawaitu min shahri Ramadan,I intend to fast tomorrow in the month of Ramadan.,میں نے رمضان کے مہینے میں کل کا روزہ رکھنے کی نیت کی۔,Sunan Abu Dawud,2454,Hasan,Night before fasting in Ramadan,Manual (Hisnul Muslim),"✅ VERIFIED | Narrated Hafsah, Ummul Mu'minin: The Messenger of Allah (ﷺ) said: He who does no..."
DUA-0054,Fasting,Breaking Fast (Iftar),اللَّهُمَّ لَكَ صُمْتُ، وَعَلَى رِزْقِكَ أَفْطَرْتُ,Allahumma laka sumtu wa 'ala rizqika aftartu,"O Allah, for You I have fasted and upon Your provision I have broken my fast.",اے اللہ میں نے تیرے لیے روزہ رکھا اور تیرے رزق سے افطار کیا۔,Sunan Abu Dawud,2358,Hasan,When breaking the fast at Iftar,Manual (Hisnul Muslim),✅ VERIFIED | Narrated Mu'adh ibn Zuhrah: The Prophet of Allah (ﷺ) used to say when he broke h...
DUA-0055,Fasting,Seeing the New Moon,اللَّهُ أَكْبَرُ، اللَّهُمَّ أَهِلَّهُ عَلَيْنَا بِالْأَمْنِ وَالْإِيمَانِ، وَالسَّلَامَةِ وَالْإِسْلَامِ، وَالتَّوْفِيقِ لِمَا تُحِبُّ وَتَرْضَى,"Allahu Akbar, Allahumma ahillahu 'alayna bil-amni wal-iman, was-salamati wal-Islam, wat-tawfiqi lima tuhibbu wa tarda","Allah is the Greatest. O Allah, let this moon appear on us with security and faith, with peace and Islam, and with guidance to what You love and pleases You.",اللہ سب سے بڑا ہے، اے اللہ اس چاند کو ہم پر امن و ایمان، سلامتی و اسلام اور اس چیز کی توفیق کے ساتھ طلوع فرما جو تجھے پسند اور راضی کرے۔,Sunan At-Tirmidhi,3451,Hasan,Upon sighting the new moon,Manual (Hisnul Muslim),"✅ VERIFIED | Bilal bin Yahya bin Talhah bin `Ubaidullah narrated :from his father, from his g..."
DUA-0056,Quran Recitation,After Reading Quran,سُبْحَانَكَ اللَّهُمَّ وَبِحَمْدِكَ، لَا إِلَهَ إِلَّا أَنْتَ، أَسْتَغْفِرُكَ وَأَتُوبُ إِلَيْكَ,"Subhanakallahumma wa bihamdika, la ilaha illa anta, astaghfiruka wa atubu ilayk","Glory and praise be to You, O Allah. There is none worthy of worship but You. I seek Your forgiveness and repent to You.",اے اللہ تو پاک ہے اور تیری تعریف کے ساتھ، تیرے سوا کوئی معبود نہیں، میں تجھ سے مغفرت مانگتا ہوں اور توبہ کرتا ہوں۔,Sunan Abu Dawud,1500,Sahih,After finishing Quran recitation,Manual (Hisnul Muslim),"✅ VERIFIED | Narrated Sa'd ibn AbuWaqqas: Once Sa'd, with the Messenger of Allah (ﷺ), visited..."
DUA-0057,Marriage,Dua for Newlyweds,بَارَكَ اللَّهُ لَكَ وَبَارَكَ عَلَيْكَ وَجَمَعَ بَيْنَكُمَا فِي خَيْرٍ,Barakallahu laka wa baraka 'alayka wa jama'a baynakuma fi khayr,"May Allah bless you and send blessings upon you, and may He unite you both in goodness.",اللہ تجھے برکت دے اور تجھ پر برکت نازل کرے اور تم دونوں کو خیر میں جمع کرے۔,Sunan Abu Dawud,2130,Sahih,When congratulating a newlywed couple,Manual (Hisnul Muslim),"✅ VERIFIED | Narrated AbuHurayrah: When the Prophet (ﷺ) congratulated a man on his marriage, ..."
DUA-0058,Marriage,Before Intimacy,بِسْمِ اللَّهِ، اللَّهُمَّ جَنِّبْنَا الشَّيْطَانَ، وَجَنِّبِ الشَّيْطَانَ مَا رَزَقْتَنَا,"Bismillah, Allahumma jannibnas-shaytan, wa jannibishaytana ma razaqtana","In the name of Allah. O Allah, keep us away from the devil and keep the devil away from what You bestow upon us.",اللہ کے نام سے، اے اللہ ہمیں شیطان سے دور رکھ اور شیطان کو اس سے دور رکھ جو تو ہمیں عطا فرمائے۔,Sahih Bukhari,141,Sahih,Before marital intimacy,Manual (Hisnul Muslim),"✅ VERIFIED | Narrated Ibn `Abbas:The Prophet (ﷺ) said, ""If anyone of you on having sexual rel..."
DUA-0059,Death & Condolence,Upon Hearing of Death,إِنَّا لِلَّهِ وَإِنَّا إِلَيْهِ رَاجِعُونَ، اللَّهُمَّ أْجُرْنِي فِي مُصِيبَتِي وَأَخْلِفْ لِي خَيْرًا مِنْهَا,"Inna lillahi wa inna ilayhi raji'un, Allahumma'-jurni fi musibati wa akhlif li khayran minha","Truly, to Allah we belong and truly, to Him we shall return. O Allah, reward me for my affliction and replace it for me with something better.",بیشک ہم اللہ کے لیے ہیں اور اسی کی طرف لوٹنے والے ہیں، اے اللہ مجھے اس مصیبت میں اجر دے اور مجھے اس سے بہتر عوض عطا فرما۔,Sahih Muslim,918,Sahih,Upon a calamity or hearing news of death,Manual (Hisnul Muslim),✅ VERIFIED | Abu Harare reported:The Messenger of Allah (ﷺ) said: When anyone amongst you utt...
DUA-0060,Death & Condolence,Dua for the Deceased,اللَّهُمَّ اغْفِرْ لَهُ وَارْحَمْهُ وَعَافِهِ وَاعْفُ عَنْهُ,Allahummaghfir lahu warhamhu wa 'afihi wa'fu 'anh,"O Allah, forgive him and have mercy on him, keep him safe and sound and pardon him.",اے اللہ اسے معاف فرما، اس پر رحم فرما، اسے عافیت دے اور اس سے درگزر فرما۔,Sahih Muslim,963,Sahih,Funeral prayer (Salat al-Janazah) for the deceased,Manual (Hisnul Muslim),✅ VERIFIED | Abu Huraira reported:The Messenger of Allah (ﷺ) said: Does the man who lifts his...
DUA-0061,Death & Condolence,At the Graveyard,السَّلَامُ عَلَيْكُمْ أَهْلَ الدِّيَارِ مِنَ الْمُؤْمِنِينَ وَالْمُسْلِمِينَ، وَإِنَّا إِنْ شَاءَ اللَّهُ بِكُمْ لَاحِقُونَ,"As-salamu 'alaykum ahl ad-diyari minal mu'minina wal muslimin, wa inna in sha'Allahu bikum lahiqun","Peace be upon you, O dwellers of this place from among the believers and Muslims. And indeed, Allah willing, we will follow you.",السلام علیکم اے اس جگہ کے مومنین اور مسلمانوں، اور ہم بھی ان شاء اللہ تم سے ملنے والے ہیں۔,Sahih Muslim,975,Sahih,When visiting the graveyard,Manual (Hisnul Muslim),✅ VERIFIED | Anas b. Malik reported:The Messenger of Allah (ﷺ) said: Straighten your rows. fo...
DUA-0062,Seeking Guidance,Istikhara Dua,اللَّهُمَّ إِنِّي أَسْتَخِيرُكَ بِعِلْمِكَ، وَأَسْتَقْدِرُكَ بِقُدْرَتِكَ، وَأَسْأَلُكَ مِنْ فَضْلِكَ الْعَظِيمِ,"Allahumma inni astakhiruka bi'ilmika, wa astaqdiruka biqudratika, wa as'aluka min fadlikal-'azim","O Allah, I seek Your guidance by virtue of Your knowledge, and I seek ability by virtue of Your power, and I ask You of Your great bounty.",اے اللہ میں تیرے علم کے ذریعے تجھ سے خیر مانگتا ہوں اور تیری قدرت سے طاقت مانگتا ہوں اور تیرے عظیم فضل سے مانگتا ہوں۔,Sahih Bukhari,1166,Sahih,When making an important decision (Salat al-Istikhara),Manual (Hisnul Muslim),✅ VERIFIED | Narrated Jabir bin `Abdullah:The Prophet (ﷺ) used to teach us the way of doing I...
DUA-0063,Family & Parents,Dua for Deceased Parents,رَبِّ اغْفِرْ لِي وَلِوَالِدَيَّ,Rabbighfir li wa li walidayya,"My Lord, forgive me and my parents.",اے میرے رب مجھے اور میرے والدین کو بخش دے۔,Quran 71:28,Nuh:28,Sahih,Seeking forgiveness for oneself and parents,Manual (Hisnul Muslim),📖 Quran — Verified
DUA-0064,Wealth & Sustenance,Dua for Barakah in Rizq,اللَّهُمَّ بَارِكْ لَنَا فِيمَا رَزَقْتَنَا وَقِنَا عَذَابَ النَّارِ,Allahumma barik lana fima razaqtana wa qina 'adhaban-nar,"O Allah, bless us in what You have provided us and protect us from the punishment of the Fire.",اے اللہ ہمیں جو رزق دیا ہے اس میں برکت دے اور ہمیں جہنم کے عذاب سے بچا۔,Sunan Abu Dawud,3730,Sahih,Dua for blessing in sustenance,Manual (Hisnul Muslim),✅ VERIFIED | Narrated Abdullah ibn Abbas: I was in the house of Maymunah. The Messenger of Al...
DUA-0065,Wealth & Sustenance,Dua to Repay Debt,اللَّهُمَّ اكْفِنِي بِحَلَالِكَ عَنْ حَرَامِكَ، وَأَغْنِنِي بِفَضْلِكَ عَمَّنْ سِوَاكَ,"Allahummak-fini bihalaalika 'an haraamika, wa aghnini bifadlika 'amman siwak","O Allah, suffice me with what You have allowed instead of what You have forbidden, and make me independent of all others besides You.",اے اللہ مجھے حلال سے حرام سے بے نیاز کر دے اور اپنے فضل سے مجھے اپنے سوا ہر ایک سے بے نیاز فرما دے۔,Sunan At-Tirmidhi,3563,Hasan,When in debt or financial difficulty,Manual (Hisnul Muslim),✅ VERIFIED | Ali [may Allah be pleased with him] narrated:that a Mukatib came to him and said...
DUA-0066,Seeking Paradise,Dua for Jannah,اللَّهُمَّ إِنِّي أَسْأَلُكَ الْجَنَّةَ وَأَعُوذُ بِكَ مِنَ النَّارِ,Allahumma inni as'alukal-jannah wa a'udhu bika minan-nar,"O Allah, I ask You for Paradise and I seek refuge in You from the Fire.",اے اللہ میں تجھ سے جنت مانگتا ہوں اور جہنم سے تیری پناہ مانگتا ہوں۔,Sunan Abu Dawud,792,Sahih,Asking Allah for Paradise,Manual (Hisnul Muslim),✅ VERIFIED | Narrated Some Companions of the Prophet: AbuSalih reported on the authority of s...
DUA-0067,Seeking Paradise,Dua for Good in Both Worlds,رَبَّنَا آتِنَا فِي الدُّنْيَا حَسَنَةً وَفِي الْآخِرَةِ حَسَنَةً وَقِنَا عَذَابَ النَّارِ,Rabbana atina fid-dunya hasanatan wa fil-akhirati hasanatan wa qina 'adhaban-nar,"Our Lord, give us in this world that which is good and in the Hereafter that which is good, and save us from the torment of the Fire.",اے ہمارے رب ہمیں دنیا میں بھلائی دے اور آخرت میں بھلائی دے اور ہمیں جہنم کے عذاب سے بچا۔,Quran 2:201,Al-Baqarah:201,Sahih,The most comprehensive dua — read anytime,Manual (Hisnul Muslim),📖 Quran — Verified
DUA-0068,Congratulations,For New Baby,بَارَكَ اللَّهُ لَكَ فِي الْمَوْهُوبِ لَكَ، وَشَكَرْتَ الْوَاهِبَ، وَبَلَغَ أَشُدَّهُ، وَرُزِقْتَ بِرَّهُ,"Barakallahu laka fil-mawhubi lak, wa shakarta al-wahib, wa balagha ashuddahu, wa ruziqta birrah","May Allah bless you with His gift to you, may you give thanks to the Giver, may the child reach maturity, and may you be granted its righteousness.",اللہ تجھے اس عطیے میں برکت دے، تو عطا کرنے والے کا شکر ادا کرے، بچہ جوانی کو پہنچے اور تجھے اس کی نیکی نصیب ہو۔,Hisnul Muslim,177,Hasan,Congratulating parents on the birth of a new baby,Manual (Hisnul Muslim),🕌 Hisnul Muslim — Trusted Source
DUA-0069,Friday (Jumu'ah),Salawat on Prophet ﷺ,اللَّهُمَّ صَلِّ عَلَى مُحَمَّدٍ وَعَلَى آلِ مُحَمَّدٍ,Allahumma salli 'ala Muhammadin wa 'ala ali Muhammad,"O Allah, send prayers upon Muhammad and upon the family of Muhammad.",اے اللہ محمدﷺ پر اور آل محمد پر درود بھیج۔,Sahih Bukhari,3370,Sahih,Sending blessings upon the Prophet ﷺ especially on Fridays,Manual (Hisnul Muslim),"✅ VERIFIED | Narrated `Abdur-Rahman bin Abi Laila:Ka`b bin Ujrah met me and said, ""Shall I no..."
DUA-0070,Friday (Jumu'ah),Dua in Last Hour of Friday,اللَّهُمَّ إِنَّكَ عَفُوٌّ تُحِبُّ الْعَفْوَ فَاعْفُ عَنِّي,Allahumma innaka 'afuwwun tuhibbul-'afwa fa'fu 'anni,"O Allah, You are Forgiving and love forgiveness, so forgive me.",اے اللہ بیشک تو معاف کرنے والا ہے اور معافی کو پسند کرتا ہے، پس مجھے معاف فرما دے۔,Sunan Ibn Majah,3850,Sahih,Last hour of Friday (most accepted dua time),Manual (Hisnul Muslim),"✅ VERIFIED | It was narrated from 'Aishah that she said:""O Messenger of Allah, what do you th..."
DUA-0071,Repentance,Complete Tawbah,رَبَّنَا ظَلَمْنَا أَنفُسَنَا وَإِن لَّمْ تَغْفِرْ لَنَا وَتَرْحَمْنَا لَنَكُونَنَّ مِنَ الْخَاسِرِينَ,Rabbana zalamna anfusana wa in lam taghfir lana wa tarhamna lanakunanna minal-khasirin,"Our Lord, we have wronged ourselves, and if You do not forgive us and have mercy upon us, we will surely be among the losers.",اے ہمارے رب ہم نے اپنی جانوں پر ظلم کیا اور اگر تو نے ہمیں معاف نہ کیا اور ہم پر رحم نہ کیا تو ہم نقصان اٹھانے والوں میں سے ہوں گے۔,Quran 7:23,Al-A'raf:23,Sahih,Dua of Prophet Adam — for complete repentance,Manual (Hisnul Muslim),📖 Quran — Verified
DUA-0072,Laylatul Qadr,Night of Power Dua,اللَّهُمَّ إِنَّكَ عَفُوٌّ كَرِيمٌ تُحِبُّ الْعَفْوَ فَاعْفُ عَنِّي,Allahumma innaka 'afuwwun karimun tuhibbul-'afwa fa'fu 'anni,"O Allah, You are Pardoning and Generous; You love to pardon, so pardon me.",اے اللہ بیشک تو معاف کرنے والا کریم ہے اور معافی کو پسند کرتا ہے پس مجھے معاف فرما دے۔,Sunan At-Tirmidhi,3513,Sahih,Laylatul Qadr (Night of Power) in last 10 nights of Ramadan,Manual (Hisnul Muslim),"✅ VERIFIED | Aishah narrated:“I said: ‘O Messenger of Allah, what is your view if I know when..."
